{
  "config": {
    "data_dir": "data\\raw",
    "history_hours": 24,
    "forecast_hours": 6,
    "seed": 42,
    "max_patients": 300,
    "batch_size": 128,
    "epochs": 8,
    "learning_rate": 0.001,
    "bootstrap_rounds": 100
  },
  "stats": {
    "n_patients": 182,
    "n_windows_total": 3618,
    "positive_rate": 0.02045328911000553,
    "n_train": 2466,
    "n_val": 627,
    "n_test": 525,
    "train_pos_rate": 0.017842660178426603,
    "val_pos_rate": 0.028708133971291867,
    "test_pos_rate": 0.022857142857142857
  },
  "metrics": [
    {
      "model": "LogisticRegression",
      "threshold": 2.555057666398838e-07,
      "auroc": 0.5175438596491229,
      "auroc_ci95": [
        0.3793516308713877,
        0.6820245904711922
      ],
      "auprc": 0.025257721690341524,
      "auprc_ci95": [
        0.013691806407826473,
        0.04620989398121645
      ],
      "sensitivity": 0.5,
      "specificity": 0.5906432748538012,
      "f1": 0.05263157894736842,
      "brier": 0.0589609480305992,
      "ece": 0.06543774218932004
    },
    {
      "model": "XGBoost",
      "threshold": 0.001504202256910503,
      "auroc": 0.42527615334632884,
      "auroc_ci95": [
        0.350040149659151,
        0.5081018518518519
      ],
      "auprc": 0.02006421868684359,
      "auprc_ci95": [
        0.012051722907087111,
        0.032431434465370855
      ],
      "sensitivity": 0.0,
      "specificity": 0.8226120857699805,
      "f1": 0.0,
      "brier": 0.022855866260463573,
      "ece": 0.021490283205972186
    },
    {
      "model": "LSTM",
      "threshold": 0.5947573781013489,
      "auroc": 0.724333983105913,
      "auroc_ci95": [
        0.6685107995093545,
        0.7756644232288945
      ],
      "auprc": 0.040814348932530366,
      "auprc_ci95": [
        0.024725057967166463,
        0.06385554143247442
      ],
      "sensitivity": 0.0,
      "specificity": 0.9161793372319688,
      "f1": 0.0,
      "brier": 0.2428631267896315,
      "ece": 0.4671758060228257
    }
  ]
}