{
  "model": "TCNBiGRUTransformer",
  "config": {
    "data_dir": "data/raw",
    "history_hours": 24,
    "forecast_hours": 6,
    "seed": 42,
    "max_patients": 220,
    "bootstrap_rounds": 100,
    "batch_size": 64,
    "epochs": 30,
    "learning_rate": 0.0005,
    "warmup_epochs": 4,
    "d_model": 128,
    "nhead": 8,
    "num_layers": 3,
    "dim_feedforward": 384,
    "gru_layers": 2,
    "tcn_channels": 128,
    "tcn_kernel_size": 3,
    "dropout": 0.25,
    "patience": 7,
    "grad_clip": 1.0,
    "weight_decay": 0.0005,
    "gamma": 2.0,
    "out_dir": "results"
  },
  "data_stats": {
    "patients_with_windows": 132,
    "total_windows": 2668,
    "positive_rate": 0.020989505247376312,
    "train_positive_rate": 0.016068559185859668,
    "val_positive_rate": 0.03,
    "test_positive_rate": 0.034912718204488775
  },
  "split_stats": {
    "train_size": 1867,
    "val_size": 400,
    "test_size": 401
  },
  "feature_engineering": {
    "base_features": [
      "HR",
      "O2Sat",
      "Temp",
      "SBP",
      "MAP",
      "DBP",
      "Resp",
      "EtCO2",
      "BaseExcess",
      "HCO3",
      "pH",
      "PaCO2",
      "Glucose",
      "Lactate",
      "Potassium",
      "Hgb",
      "WBC",
      "Creatinine",
      "Platelets",
      "BUN"
    ],
    "engineered_channels": [
      "z_norm",
      "first_difference",
      "missing_indicator"
    ],
    "final_feature_dim": 60
  },
  "training": {
    "selected_threshold": 0.04542000874876976,
    "threshold_criterion": "max_YoudensJ_adaptive_grid"
  },
  "validation_metrics": {
    "auroc": 0.7250859106529209,
    "auprc": 0.10156694817685867,
    "sensitivity": 1.0,
    "specificity": 0.4536082474226804,
    "precision": 0.05357142857142857,
    "recall": 1.0,
    "accuracy": 0.47,
    "f1": 0.1016949152542373,
    "brier": 0.029318388311972705,
    "ece": 0.015425690710544587,
    "threshold": 0.04542000874876976
  },
  "test_metrics": {
    "auroc": {
      "mean": 0.8025415931104652,
      "ci_lower": 0.7435424026145675,
      "ci_upper": 0.8739843279083784
    },
    "auprc": {
      "mean": 0.09772164264577693,
      "ci_lower": 0.05462197833032704,
      "ci_upper": 0.17318212978980596
    },
    "sensitivity": {
      "mean": 1.0,
      "ci_lower": 1.0,
      "ci_upper": 1.0
    },
    "specificity": {
      "mean": 0.5118832167652861,
      "ci_lower": 0.45745501285347046,
      "ci_upper": 0.5574388627675586
    },
    "precision": {
      "mean": 0.06713520547939555,
      "ci_lower": 0.03217610886100958,
      "ci_upper": 0.09926165803108808
    },
    "recall": {
      "mean": 1.0,
      "ci_lower": 1.0,
      "ci_upper": 1.0
    },
    "accuracy": {
      "mean": 0.528503740648379,
      "ci_lower": 0.4763092269326683,
      "ci_upper": 0.571072319201995
    },
    "f1": {
      "mean": 0.12533668462591704,
      "ci_lower": 0.062344992235125046,
      "ci_upper": 0.1805960548885077
    },
    "brier": {
      "mean": 0.03293532390449337,
      "ci_lower": 0.016826940132273222,
      "ci_upper": 0.04930381382205974
    },
    "ece": {
      "mean": 0.014785727481183569,
      "ci_lower": 0.0010519664244554442,
      "ci_upper": 0.03206412428084229
    }
  }
}